{
    "accuracy": 0.983876329787234,
    "loss": -0.9825588350600385
}