{
    "accuracy": 0.9842087765957447,
    "loss": -0.9834832897845734
}