{
    "accuracy": 0.4629777070063694,
    "loss": -0.4612090983398401
}